iso3,internet_users_pct,mobile_subscriptions_per_100
KEN,34.97622513,126.477706000949
GHA,72.17569733,113.647966704673
NPL,46.32189941,99.8471420273964
JOR,95.62244985,69.6426153972396
COL,79.34543299,174.094289675393
RWA,31.70330048,93.201462876722
PER,81.95705992,124.623544414599
VNM,84.15,127.606471743496
