threshold,review_rate,precision,recall,false_positive_rate,true_positive,false_positive,false_negative,true_negative
0.05,0.296967,0.1879,0.834913,0.258439,1674,7235,331,20760
0.1,0.165433,0.280476,0.694264,0.127558,1392,3571,613,24424
0.15,0.115067,0.349942,0.602494,0.080157,1208,2244,797,25751
0.2,0.0898,0.392353,0.527182,0.058475,1057,1637,948,26358
0.3,0.058833,0.468555,0.412469,0.033506,827,938,1178,27057
0.5,0.022433,0.610698,0.204988,0.009359,411,262,1594,27733
